Administrative District,"No. of
Edu. Zones","No. of
Edu. Divisions","All
Govt. Schools",National Schools,Provincial Schools
11. Colombo,4,14,397,39,358
12. Gampaha,4,13,536,20,516
13. Kalutara,3,11,420,20,400
21. Kandy,6,18,652,36,616
22. Matale,4,11,317,12,305
23. Nuwara Eliya,5,11,550,8,542
31. Galle,4,15,429,30,399
32. Matara,4,14,358,23,335
33. Hambantota,3,10,320,17,303
41. Jaffna,5,15,447,8,439
42. Mannar,2,5,130,5,125
43. Vavuniya,2,5,173,5,168
,,,,,
44. Mullaitivu,2,6,127,3,124
45. Kilinochchi,2,4,104,3,101
51. Batticaloa,5,14,362,13,349
52. Ampara,7,21,442,17,425
53. Trincomalee,5,13,313,12,301
61. Kurunegala,6,22,872,31,841
62. Puttalam,2,9,372,8,364
71. Anuradhapura,5,22,560,8,552
72. Polonnaruwa,3,8,253,9,244
81. Badulla,6,14,605,27,578
82. Moneragala,4,9,291,11,280
91. Ratnapura,4,16,598,16,582
92. Kegalle,3,12,518,15,503
